Title,Author,Date,Score,Comments,cleaned_text,sentiment
Are you worried about AAPL long term? ,Witty-Performance-23,2024-05-08 14:07:32,353,457,worried aapl long term,-0.296
MSFT or AAPL,Airmang74,2024-10-01 04:54:10,0,83,msft aapl,0.0
"I have $213,000 in Apple (AAPL) stock, should I start to diversify?",sleeping_in_,2020-10-13 09:19:24,2460,726,213000 apple aapl stock start diversify,0.0
"China plans to expand its ban on iPhones, AAPL drops 3%+",msaleem,2023-09-07 13:15:44,769,399,china plan expand ban iphones aapl drop 3,-0.5267
"The U.S. Department of Justice (DOJ) is preparing to sue Apple (AAPL.O), as soon as Thursday for allegedly violating antitrust laws",Luka77GOATic,2024-03-21 11:32:28,606,211,u department justice doj preparing sue apple aaplo soon thursday allegedly violating antitrust law,-0.0258
AAPL is at 52-week low!,paq12x,2022-12-22 19:41:41,864,399,aapl 52week low,-0.2732
AAPL reaches all time high in pre-market trading,Illustrious-Option-9,2023-06-05 11:59:58,667,378,aapl reach time high premarket trading,0.0258
I SOLD AAPL :(,amoottake,2022-08-17 19:45:51,843,434,sold aapl,0.0
"Whats your ""this could be the next tsla or aapl"" in terms of what they returned in the last 10 years",rpatel09,2023-12-27 15:19:02,276,545,whats could next tsla aapl term returned last 10 year,0.0
Buy AAPL in front of 4:1 stock split. Stock splits add 8% in first year following split.,gblack00,2020-08-07 15:58:10,1651,377,buy aapl front 41 stock split stock split add 8 first year following split,0.0
Sell or Hold $AAPL?,shawndend,2023-12-10 21:33:37,323,391,sell hold aapl,0.0
Underestimating AAPL,leontes,2024-06-10 18:43:36,288,207,underestimating aapl,0.0
"If you could put 3k into AAPL, MSFT, or FB, which would you choose?",DippySwitch,2021-11-01 20:12:01,630,712,could put 3k aapl msft fb would choose,0.0
"Apple (AAPL.US) continues to increase financial services, and its subsidiaries will provide loans in the future",Kianna_hd,2022-06-09 02:02:21,887,246,apple aaplus continues increase financial service subsidiary provide loan future,0.3182
How far do you think MSFT and AAPL could fall?,apooroldinvestor,2022-05-07 20:13:40,510,526,far think msft aapl could fall,0.0
"With decline in smartphone sales, how is AAPL poised to tackle this?",srkdummy3,2024-06-09 21:38:59,264,154,decline smartphone sale aapl poised tackle,0.25
AAPL stock continues climb to $3T with new trading highs,No_Cow1,2023-06-23 10:24:31,529,199,aapl stock continues climb 3t new trading high,0.0
Apple / AAPL - short term outlook,novapants,2021-12-12 14:20:42,649,366,apple aapl short term outlook,0.0
Microsoft (MSFT) and Apple (AAPL) are Now Bigger than Germany’s Entire Stock Market,the13thrabbit,2019-12-28 10:48:33,1206,264,microsoft msft apple aapl bigger germany entire stock market,0.0
Does anyone think AAPL is a buy now?,maximalsimplicity,2023-08-07 13:47:06,209,336,anyone think aapl buy,0.0
AAPL price dump after VR headset reveal,provoko,2023-06-05 20:27:12,272,316,aapl price dump vr headset reveal,-0.3818
VOO + AAPL + MSFT + Googl + AMZN + INTC for the next 5 years?,designatedtruth,2023-11-07 22:30:25,150,259,voo aapl msft googl amzn intc next 5 year,0.0
Is $AAPL able to grow much more?,8-tentacles,2021-10-31 17:02:20,485,309,aapl able grow much,0.0
MSFT GOOGL and AAPL are still all beating the market!,apooroldinvestor,2022-11-03 20:10:25,322,295,msft googl aapl still beating market,-0.4588
AAPL price drops 5% as it beats earnings,cheechuu,2020-10-29 21:01:58,759,227,aapl price drop 5 beat earnings,-0.2732
"The moment AAPL announced ending partnership with INTC, INTC stock price ... JUMPED by 1%",ZloiAris,2020-06-22 19:06:10,801,231,moment aapl announced ending partnership intc intc stock price jumped 1,0.0
How come AAPL isn’t affected by the rise of the AI market?,Lukee67,2024-12-12 09:40:06,54,72,come aapl isnt affected rise ai market,0.1139
Is AAPL due for a bounce?,just_lick_my_ass,2021-03-09 00:49:14,429,353,aapl due bounce,0.0
AAPL is nearing all time highs - thoughts?,kriptonicx,2022-08-15 16:43:10,307,256,aapl nearing time high thought,0.0
Apple's (AAPL) Rollercoaster: Should You Jump In Now?,DutyTop8086,2024-06-09 23:18:01,198,79,apple aapl rollercoaster jump,0.0
$AAPL where does it go second quarter? Warren Buffett continues to love it. $BRK.B,KCGuy59,2023-05-07 21:47:07,260,147,aapl go second quarter warren buffett continues love brkb,0.6369
Apple announces largest-ever $110 billion share buyback as iPhone sales drop 10% ,Puginator,2024-05-02 20:32:20,2985,523,apple announces largestever 110 billion share buyback iphone sale drop 10,0.0258
Should I Buy AAPL Shares,HopefulIvyAdmit,2021-10-23 19:47:06,237,281,buy aapl share,0.296
"If you had to choose one dividend stock right now which would you choose? Criteria bellow but no AAPL, MSFT or Etfs",Migueli2021,2022-04-07 20:48:11,98,330,choose one dividend stock right would choose criterion bellow aapl msft etf,0.0
Apple (AAPL.US) plans to increase production in India and Vietnam,Kianna_hd,2022-05-23 02:18:21,427,121,apple aaplus plan increase production india vietnam,0.3182
Is AAPL a good buy right now?,PeekingPotato,2021-11-29 22:15:28,211,219,aapl good buy right,0.4404
AAPL is now less than 5% off of its highs,kriptonicx,2022-03-24 20:38:58,211,174,aapl less 5 high,0.0
Meta/Facebook stock crashes -15% AH after earnings release,rockinoutwith2,2022-02-02 21:08:51,7818,1502,metafacebook stock crash 15 ah earnings release,-0.4019
Epic games sues Apple. Will we see AAPL come down in price tomorrow?,Gothlander,2020-08-13 20:39:56,246,240,epic game sue apple see aapl come price tomorrow,0.0
AAPL receives $10B a year from GOOG to make Google’s homepage the default page on Safari.,zipiddydooda,2020-10-24 20:06:54,405,152,aapl receives 10b year goog make google homepage default page safari,0.0
Thoughts on aapl long term?,Life-is-beautiful-,2022-10-08 10:22:36,110,175,thought aapl long term,0.0
Warren Buffett’s Berkshire Hathaway sold ~$14 billion worth of Apple this quarter. Cash pile hits record ~$325 billion.,themagicalpanda,2024-11-02 12:19:31,1046,334,warren buffetts berkshire hathaway sold 14 billion worth apple quarter cash pile hit record 325 billion,0.2263
Apple (AAPL) to Spend Billions More on Entertainment,_DeanRiding,2023-03-28 09:45:06,260,82,apple aapl spend billion entertainment,0.4215
Apple (AAPL) discussion,novapants,2021-02-25 21:17:22,152,251,apple aapl discussion,0.0
It's not just me right?,calipfarris01,2021-03-24 19:44:05,6953,2766,right,0.0
$AAPL - more room to grow?,BUYMSFT,2023-05-19 16:29:57,37,147,aapl room grow,0.0
To all of you who are red this year while the S&P500 is up 30%,karnoculars,2021-12-29 20:22:17,5860,1156,red year sp500 30,0.0
"I sold all my positions in GOOG, PYPL, AMZN, AAPL, and MSFT today. ($50,000 left, what was once $120,000)",a-wild-yasuo,2022-05-16 16:34:05,0,282,sold position goog pypl amzn aapl msft today 50000 left 120000,0.0
25% of my portfolio is MSFT AAPL and GOOGL. Am I in trouble?,apooroldinvestor,2021-08-17 01:50:23,95,239,25 portfolio msft aapl googl trouble,-0.4019
"QCOM Vs. AAPL settlement. How I lost the opportunity to make $50,000 on a very stupid decision",arminoxx,2019-04-16 22:59:52,370,171,qcom v aapl settlement lost opportunity make 50000 stupid decision,-0.4404
Moving on from AAPL,greecher,2024-05-24 13:50:05,0,65,moving aapl,0.0
Earnings day: What are your thoughts about AAPL ?,letak2018,2021-04-28 14:23:50,121,225,earnings day thought aapl,0.0
Would you buy AAPL at $130?,apooroldinvestor,2022-12-17 03:47:21,27,170,would buy aapl 130,0.0
AAPL earnings release bear case : MSFT missed big time on the Hardware part.,gevham,2023-05-01 21:36:10,102,98,aapl earnings release bear case msft missed big time hardware part,-0.296
Selling my AAPL shares Monday. More downside risk vs. upside,apooroldinvestor,2022-04-02 05:13:39,0,243,selling aapl share monday downside risk v upside,-0.2263
"Intel $INTC earnings beat expectations which is good news for Apple $AAPL, Qualcomm $QCOM, and AMD $AMD",TonyLiberty,2023-07-29 23:19:20,113,73,intel intc earnings beat expectation good news apple aapl qualcomm qcom amd amd,0.4404
The AAPL Monday Morning arbitrage trade (codename 7senshino's arbitrage),Le7emesens,2024-09-08 21:02:32,0,34,aapl monday morning arbitrage trade codename 7senshinos arbitrage,0.0
"Nvidia slides for third straight session, loses $500B in market cap",thelastsubject123,2024-06-24 22:50:08,1227,337,nvidia slide third straight session loses 500b market cap,-0.1027
"On this day 13 years ago, Barack Obama almost perfectly calls the bottom of the stock market before the longest bull market in US history.",Beetlejuice_hero,2022-03-03 14:31:44,5193,631,day 13 year ago barack obama almost perfectly call bottom stock market longest bull market u history,0.6003
Is now a good time to buy $AAPL? (Apple Inc.),guyastronomer,2021-09-11 05:43:45,123,168,good time buy aapl apple inc,0.4404
I bought A LOT of AAPL shares. Now I’m losing A LOT of money.,mill40,2020-09-18 16:59:38,66,257,bought lot aapl share im losing lot money,-0.1027
This is how NVDA overtakes MSFT and AAPL to be the most valuable company in the world. ,Euro347,2024-05-31 18:42:44,0,47,nvda overtakes msft aapl valuable company world,0.4767
Is AAPL sucking the blood out of INTC / AMD / META / GOOG / MSFT/ NFLX / SPOT in a zero sum game etc?,bwang29,2022-10-28 00:25:02,68,122,aapl sucking blood intc amd meta goog msft nflx spot zero sum game etc,0.0
Would investors accept 5% a year return from AAPL?,apooroldinvestor,2022-04-29 15:17:11,170,103,would investor accept 5 year return aapl,0.3818
Friendly reminder: not everyone here is 20-30 years old and can ride the wave. People who are in retirement age should consider going cash.,LIBERAL_LAZY_LOSER,2022-05-15 15:49:25,3586,622,friendly reminder everyone 2030 year old ride wave people retirement age consider going cash,0.4939
Why is AAPLs revenue growth declining?,apooroldinvestor,2021-09-05 15:53:25,55,171,aapls revenue growth declining,0.3818
Sell mega caps MSFT and AAPL? Buy back in lower?,apooroldinvestor,2022-01-04 03:35:15,45,159,sell mega cap msft aapl buy back lower,-0.296
What’s your one “win big” stock? ,TheYoungLung,2024-06-17 01:56:07,518,1376,whats one win big stock,0.5859
All the bad news Swarming AAPL,PleasantAnomaly,2022-10-26 06:55:40,61,110,bad news swarming aapl,-0.5423
"Apple hits 3 trillion market cap, becoming the first company to hit the mark",AptitudeSky,2022-01-03 18:58:00,4097,572,apple hit 3 trillion market cap becoming first company hit mark,0.0
"I have just started investing and only buying stocks like AAPL,GOOGL and VOO.What other low risk ways I can invest for the next 10 years?",Ubikinon44,2022-03-05 16:25:27,89,122,started investing buying stock like aaplgoogl voowhat low risk way invest next 10 year,-0.1779
Will MSFT or AAPL ever go bankrupt?,apooroldinvestor,2021-04-07 04:07:25,44,186,msft aapl ever go bankrupt,-0.5574
AAPL or cash?,apooroldinvestor,2021-09-04 20:16:43,24,179,aapl cash,0.0
There's more to index funds and stocks than VTI and AAPL. Welcome to the world of small cap value stocks.,AP9384629344432,2022-10-21 16:16:28,268,54,there index fund stock vti aapl welcome world small cap value stock,0.6597
Bad Apple: Why AAPL is Heavily Overvalued,AlligatorHalfMan123,2022-01-26 06:12:18,45,141,bad apple aapl heavily overvalued,-0.5423
Can AAPL get back to ATH in 4 years?,Rico_Stonks,2022-06-16 20:56:29,55,113,aapl get back ath 4 year,0.0
What’s the stock you’ll never sell,durustakta,2024-10-26 11:55:44,311,724,whats stock youll never sell,0.0
"Apple stock closes at an all-time-high, added $1 trillion to its market cap in 2023",Jones131212,2023-12-14 11:35:56,1650,288,apple stock close alltimehigh added 1 trillion market cap 2023,0.0
"MSFT and AAPL are overvalued and overbought, Wallstreet is expecting too much from AI. ",Euro347,2024-07-08 22:14:54,0,28,msft aapl overvalued overbought wallstreet expecting much ai,0.0
"UBS upgrades AAPL to 'Buy,' raises price target on iPhone stability & auto opportunity",chrisdh79,2021-03-31 14:57:24,262,87,ubs upgrade aapl buy raise price target iphone stability auto opportunity,0.4215
I tried to predict the stock market every day in March. Here's how it went - and what I learned.,wsb_shitposting,2021-04-01 13:55:07,5293,460,tried predict stock market every day march here went learned,0.0
would like an opinion on selling AAPL/MSFT shares,safari-dog,2023-06-11 22:55:34,33,68,would like opinion selling aaplmsft share,0.5719
"For the youth, just broad strokes what I've learned after 20 years investing.",MainlineX,2021-04-07 05:15:25,4646,449,youth broad stroke ive learned 20 year investing,0.0
"What is a True Market Leader (TML) + And how to find them? (Ex. SHOP 2016-2020, ZM 2020, AAPL 2005-2012",Rmogo21,2020-11-07 15:42:28,402,60,true market leader tml find ex shop 20162020 zm 2020 aapl 20052012,0.4215
"Dan Ives AAPL $230, TSLA $1800",apooroldinvestor,2021-12-21 05:08:00,37,115,dan ives aapl 230 tsla 1800,0.0
Nine US governors press U.S. lawmakers to pass 52 Billion semiconductor funding bill. Taiwan unreliable potentially trillions at risk.,Oscuridad_mi_amigo,2021-11-11 21:50:25,2694,563,nine u governor press u lawmaker pas 52 billion semiconductor funding bill taiwan unreliable potentially trillion risk,-0.2732
"If Apple comes out with a car, are you buying an Apple car or a Tesla? TSLA 3,000 is higher then AAPL, Be honest, very curious, Cathie Says",UltimateTraders,2021-09-11 01:20:06,2,140,apple come car buying apple car tesla tsla 3000 higher aapl honest curious cathie say,0.6808
1 share of AMZN or 18 shares of AAPL?,ImCoolOnTheInternet,2022-01-04 15:56:25,44,108,1 share amzn 18 share aapl,0.5267
How did AAPL gain close to 1 trillion in market cap since 2019?,punkzlol,2020-08-11 21:43:23,259,77,aapl gain close 1 trillion market cap since 2019,0.5267
AAPL MSFT GOOGL etc will only return 1.7% over the next 10 years?,apooroldinvestor,2022-01-05 04:59:59,8,115,aapl msft googl etc return 17 next 10 year,0.0
"For the first time in 2 decades, GOOG has a higher P/E ration than AAPL, and MSFT is Americas most valuable brand over AAPL",WallabyUpstairs1496,2021-11-06 00:11:21,194,63,first time 2 decade goog higher pe ration aapl msft america valuable brand aapl,0.4767
How to deal with the market bloodbath?,Kogorashi,2021-02-25 16:13:40,1977,1443,deal market bloodbath,0.0
6 reasons why AAPL isn't a pandemic stock,senttoschool,2022-02-22 02:27:46,57,90,6 reason aapl isnt pandemic stock,0.0
"US sanctions on Chinese semiconductors ‘decapitate’ industry, experts say",big--if-true,2022-10-16 21:30:36,1721,465,u sanction chinese semiconductor decapitate industry expert say,0.0
Does anyone else feel incredibly bored on weekends when there are no stock prices to look at?,MrDegi,2021-07-24 10:28:39,2291,654,anyone else feel incredibly bored weekend stock price look,-0.3384
Apple today is a good example why the markets are so hard.,aquaBluu,2022-10-28 18:30:59,1850,399,apple today good example market hard,0.3612
Apple Stock Analysis: Is AAPL a good buy?,PeekingPotato,2021-05-24 19:23:28,54,107,apple stock analysis aapl good buy,0.4404
‘Apple is going to war’: US lawsuit adds to iPhone maker’s antitrust woes,Steven_on_the_run,2024-03-23 20:13:09,805,315,apple going war u lawsuit add iphone maker antitrust woe,-0.8225
Disney & AAPL a steal right now?,anaccountwascreated,2020-11-23 18:47:25,58,118,disney aapl steal right,-0.4939
